[
{
  "model": "courses.subject",
  "pk": 1,
  "fields": {
    "title": "\u0418\u043d\u0442\u0435\u0440\u044c\u0435\u0440\u043d\u044b\u0439 \u0438 \u043b\u0430\u043d\u0434\u0448\u0430\u0444\u0442\u043d\u044b\u0439 \u0434\u0438\u0437\u0430\u0439\u043d",
    "slug": "interernyj-i-landshaftnyj-dizajn"
  }
},
{
  "model": "courses.subject",
  "pk": 2,
  "fields": {
    "title": "\u0421\u0446\u0435\u043d\u0438\u0447\u0435\u0441\u043a\u043e\u0435 \u0438\u0441\u043a\u0443\u0441\u0441\u0442\u0432\u043e",
    "slug": "scenicheskoe-iskusstvo"
  }
},
{
  "model": "courses.subject",
  "pk": 3,
  "fields": {
    "title": "\u041c\u043e\u0434\u0430 \u0438 \u0441\u0442\u0438\u043b\u044c",
    "slug": "moda-i-stil"
  }
},
{
  "model": "courses.subject",
  "pk": 4,
  "fields": {
    "title": "\u0414\u043b\u044f \u0434\u0435\u0442\u0435\u0439",
    "slug": "dlya-detej"
  }
},
{
  "model": "courses.subject",
  "pk": 5,
  "fields": {
    "title": "\u0424\u043e\u0442\u043e\u0433\u0440\u0430\u0444\u0438\u044f",
    "slug": "fotografiya"
  }
},
{
  "model": "courses.course",
  "pk": 3,
  "fields": {
    "owner": 2,
    "subject": 4,
    "title": "\u0423\u0440\u043e\u043a\u0438 \u043b\u0435\u043f\u043a\u0438 \u0438\u0437 \u043f\u043b\u0430\u0441\u0442\u0438\u043b\u0438\u043d\u0430 \u0434\u043b\u044f \u0434\u0435\u0442\u0435\u0439",
    "slug": "lepka",
    "overview": "\u0421\u043e\u0437\u0434\u0430\u043d\u0438\u0435 \u043f\u0440\u0435\u0434\u043c\u0435\u0442\u043e\u0432 \u0441 \u043f\u043e\u043c\u043e\u0449\u044c\u044e \u043f\u043b\u0430\u0441\u0442\u0438\u0447\u043d\u044b\u0445 \u043c\u0430\u0442\u0435\u0440\u0438\u0430\u043b\u043e\u0432 \u044f\u0432\u043b\u044f\u0435\u0442\u0441\u044f \u043e\u0431\u044f\u0437\u0430\u0442\u0435\u043b\u044c\u043d\u044b\u043c \u044d\u0442\u0430\u043f\u043e\u043c \u0440\u0430\u0437\u0432\u0438\u0442\u0438\u044f \u0440\u0435\u0431\u0435\u043d\u043a\u0430. \u0417\u0430\u043d\u0438\u043c\u0430\u0442\u044c\u0441\u044f \u043c\u043e\u0436\u043d\u043e \u043d\u0430\u0447\u0438\u043d\u0430\u044f \u0441 \u0433\u043e\u0434\u0430 \u0438\u043b\u0438 \u043f\u043e\u043b\u0443\u0442\u043e\u0440\u0430 \u043b\u0435\u0442. \u042d\u0442\u043e \u0443\u043b\u0443\u0447\u0448\u0430\u0435\u0442 \u0440\u0435\u0447\u044c, \u043c\u0435\u043b\u043a\u0443\u044e \u043c\u043e\u0442\u043e\u0440\u0438\u043a\u0443 \u0440\u0443\u043a, \u0432\u043d\u0438\u043c\u0430\u043d\u0438\u0435, \u043f\u0430\u043c\u044f\u0442\u044c, \u043b\u043e\u0433\u0438\u0447\u0435\u0441\u043a\u043e\u0435 \u043c\u044b\u0448\u043b\u0435\u043d\u0438\u0435, \u0443\u0441\u0438\u0434\u0447\u0438\u0432\u043e\u0441\u0442\u044c, \u0442\u0435\u0440\u043f\u0435\u043d\u0438\u0435, \u0442\u0432\u043e\u0440\u0447\u0435\u0441\u043a\u0438\u0435 \u0441\u043f\u043e\u0441\u043e\u0431\u043d\u043e\u0441\u0442\u0438. \u041f\u043b\u0430\u0441\u0442\u0438\u043b\u0438\u043d \u2013 \u0438\u0434\u0435\u0430\u043b\u044c\u043d\u044b\u0439 \u0432\u0430\u0440\u0438\u0430\u043d\u0442. \u041e\u043d \u043c\u044f\u0433\u043a\u0438\u0439, \u043c\u043d\u043e\u0433\u043e\u0440\u0430\u0437\u043e\u0432\u044b\u0439, \u043d\u0435 \u0442\u0440\u0435\u0431\u0443\u0435\u0442 \u043e\u0441\u043e\u0431\u044b\u0445 \u043d\u0430\u0432\u044b\u043a\u043e\u0432 \u0432 \u0440\u0430\u0431\u043e\u0442\u0435 \u0438 \u0445\u0440\u0430\u043d\u0435\u043d\u0438\u0438, \u0431\u044b\u0441\u0442\u0440\u043e \u0444\u043e\u0440\u043c\u0438\u0440\u0443\u0435\u0442\u0441\u044f.",
    "created": "2022-07-22T06:59:44.599Z",
    "students": []
  }
},
{
  "model": "courses.course",
  "pk": 4,
  "fields": {
    "owner": 2,
    "subject": 4,
    "title": "\u0423\u0440\u043e\u043a\u0438 \u0440\u0438\u0441\u043e\u0432\u0430\u043d\u0438\u044f \u0434\u043b\u044f \u0434\u0435\u0442\u0435\u0439 3-7 \u043b\u0435\u0442",
    "slug": "drawing",
    "overview": "\u041c\u043d\u043e\u0433\u0438\u0435 \u0434\u0435\u0442\u0438 \u043d\u0430\u0447\u0438\u043d\u0430\u044e\u0442 \u0440\u0438\u0441\u043e\u0432\u0430\u0442\u044c \u0440\u0430\u043d\u044c\u0448\u0435, \u0447\u0435\u043c \u0445\u043e\u0440\u043e\u0448\u043e \u0440\u0430\u0437\u0433\u043e\u0432\u0430\u0440\u0438\u0432\u0430\u0442\u044c. \u0422\u0432\u043e\u0440\u0447\u0435\u0441\u0442\u0432\u043e \u043f\u043e\u043c\u043e\u0433\u0430\u0435\u0442 \u0437\u0430\u0444\u0438\u043a\u0441\u0438\u0440\u043e\u0432\u0430\u0442\u044c \u0438\u043d\u0434\u0438\u0432\u0438\u0434\u0443\u0430\u043b\u044c\u043d\u043e\u0435 \u043f\u043e\u043d\u0438\u043c\u0430\u043d\u0438\u0435 \u043e\u0431 \u043e\u043a\u0440\u0443\u0436\u0430\u044e\u0449\u0435\u043c \u0438\u043b\u0438 \u0432\u043e\u043b\u0448\u0435\u0431\u043d\u043e\u043c \u043c\u0438\u0440\u0435, \u0440\u0435\u0430\u043b\u044c\u043d\u044b\u0445 \u0438\u043b\u0438 \u043f\u0440\u0438\u0434\u0443\u043c\u0430\u043d\u043d\u044b\u0445 \u0433\u0435\u0440\u043e\u044f\u0445, \u0432\u044b\u0440\u0430\u0437\u0438\u0442\u044c \u043c\u044b\u0441\u043b\u0438 \u0438 \u044d\u043c\u043e\u0446\u0438\u0438. \u041c\u043e\u0436\u043d\u043e \u0432\u043e\u0441\u043f\u043e\u043b\u044c\u0437\u043e\u0432\u0430\u0442\u044c\u0441\u044f \u0432\u043e\u0437\u043c\u043e\u0436\u043d\u043e\u0441\u0442\u044f\u043c\u0438 \u0441\u0435\u0442\u0438 \u0438\u043d\u0442\u0435\u0440\u043d\u0435\u0442, \u0447\u0442\u043e\u0431\u044b \u043f\u043e\u043c\u043e\u0447\u044c \u0434\u0435\u0442\u044f\u043c \u043e\u0441\u0432\u043e\u0438\u0442\u044c \u0445\u0443\u0434\u043e\u0436\u0435\u0441\u0442\u0432\u0435\u043d\u043d\u044b\u0439 \u043d\u0430\u0432\u044b\u043a, \u0440\u0430\u0441\u0448\u0438\u0440\u0438\u0442\u044c \u0432\u043e\u043e\u0431\u0440\u0430\u0436\u0435\u043d\u0438\u0435, \u043f\u043e\u0434\u0430\u0440\u0438\u0442\u044c \u0432\u0434\u043e\u0445\u043d\u043e\u0432\u0435\u043d\u0438\u0435 \u0438 \u043d\u043e\u0432\u044b\u0435 \u0438\u0434\u0435\u0438 \u0434\u043b\u044f \u0440\u0435\u0430\u043b\u0438\u0437\u0430\u0446\u0438\u0438 \u0442\u0432\u043e\u0440\u0447\u0435\u0441\u043a\u0438\u0445 \u0441\u0442\u0440\u0435\u043c\u043b\u0435\u043d\u0438\u0439.",
    "created": "2022-07-22T07:00:53.503Z",
    "students": [
      2
    ]
  }
},
{
  "model": "courses.course",
  "pk": 5,
  "fields": {
    "owner": 2,
    "subject": 4,
    "title": "\u0423\u0440\u043e\u043a\u0438 \u0448\u0430\u0445\u043c\u0430\u0442 \u0434\u043b\u044f \u0434\u0435\u0442\u0435\u0439",
    "slug": "chess",
    "overview": "\u0428\u0430\u0445\u043c\u0430\u0442\u044b \u2013 \u0434\u0440\u0435\u0432\u043d\u044f\u044f \u043b\u043e\u0433\u0438\u0447\u0435\u0441\u043a\u0430\u044f \u0438\u0433\u0440\u0430, \u0441\u043e\u0447\u0435\u0442\u0430\u044e\u0449\u0430\u044f \u0432 \u0441\u0435\u0431\u0435 \u0440\u0430\u0437\u0432\u043b\u0435\u043a\u0430\u0442\u0435\u043b\u044c\u043d\u044b\u0439 \u0438 \u0440\u0430\u0437\u0432\u0438\u0432\u0430\u044e\u0449\u0438\u0439 \u0430\u0441\u043f\u0435\u043a\u0442\u044b. \u041c\u043d\u043e\u0433\u0438\u0435 \u0440\u043e\u0434\u0438\u0442\u0435\u043b\u0438, \u043f\u0435\u0434\u0430\u0433\u043e\u0433\u0438 \u0438 \u043f\u0441\u0438\u0445\u043e\u043b\u043e\u0433\u0438 \u0443\u0442\u0432\u0435\u0440\u0436\u0434\u0430\u044e\u0442, \u0447\u0442\u043e \u0438\u0433\u0440\u0430 \u0440\u0430\u0437\u0432\u0438\u0432\u0430\u044e\u0442 \u043b\u043e\u0433\u0438\u043a\u0443, \u0430\u043d\u0430\u043b\u0438\u0442\u0438\u0447\u0435\u0441\u043a\u0438\u0435 \u0441\u043f\u043e\u0441\u043e\u0431\u043d\u043e\u0441\u0442\u0438, \u0442\u0430\u043a\u0442\u0438\u0447\u0435\u0441\u043a\u043e\u0435 \u0438 \u0441\u0442\u0440\u0430\u0442\u0435\u0433\u0438\u0447\u0435\u0441\u043a\u043e\u0435 \u043c\u044b\u0448\u043b\u0435\u043d\u0438\u0435 \u0440\u0435\u0431\u0451\u043d\u043a\u0430. \u0412\u043d\u0438\u043a\u0430\u044f \u0432 \u0441\u0443\u0442\u044c, \u0434\u0435\u0442\u0438 \u0441\u0442\u0430\u043d\u043e\u0432\u044f\u0442\u0441\u044f \u0431\u043e\u043b\u0435\u0435 \u0443\u0441\u0438\u0434\u0447\u0438\u0432\u044b\u043c\u0438, \u0441\u043f\u043e\u043a\u043e\u0439\u043d\u044b\u043c\u0438 \u0438 \u0440\u0430\u0441\u0441\u0443\u0434\u0438\u0442\u0435\u043b\u044c\u043d\u044b\u043c\u0438.",
    "created": "2022-07-22T07:01:37.923Z",
    "students": [
      2
    ]
  }
},
{
  "model": "courses.module",
  "pk": 1,
  "fields": {
    "course": 5,
    "title": "\u0428\u0430\u0445\u043c\u0430\u0442\u044b \u0434\u043b\u044f \u0434\u043e\u0448\u043a\u043e\u043b\u044c\u043d\u0438\u043a\u0430",
    "description": "\u041b\u0443\u0447\u0448\u0438\u043c \u0441\u0442\u0430\u0440\u0442\u043e\u043c \u0434\u043b\u044f \u0434\u043e\u0448\u043a\u043e\u043b\u044c\u043d\u0438\u043a\u0430 \u0431\u0443\u0434\u0435\u0442 \u0432\u0438\u0434\u0435\u043e\u043a\u0443\u0440\u0441 \u043e\u0431\u0443\u0447\u0435\u043d\u0438\u044f \u0448\u0430\u0445\u043c\u0430\u0442\u0430\u043c \u0434\u043b\u044f \u043c\u0430\u043b\u0435\u043d\u044c\u043a\u0438\u0445 \u0434\u0435\u0442\u0435\u0439.",
    "order": 0
  }
},
{
  "model": "courses.module",
  "pk": 2,
  "fields": {
    "course": 5,
    "title": "\u0418\u0437\u0443\u0447\u0430\u0435\u043c \u0444\u0438\u0433\u0443\u0440\u044b",
    "description": "\u0412 \u0441\u0435\u0440\u0438\u0438 \u043c\u0438\u043d\u0443\u0442\u043d\u044b\u0445 \u0440\u043e\u043b\u0438\u043a\u043e\u0432 (\u0441\u043c\u043e\u0442\u0440\u0435\u0442\u044c \u0443\u0440\u043e\u043a\u0438) \u0431\u044b\u0441\u0442\u0440\u043e \u043e\u0431\u044a\u044f\u0441\u043d\u044f\u044e\u0442 \u0432\u043e\u0437\u043c\u043e\u0436\u043d\u043e\u0441\u0442\u044f\u0445 \u0432\u0441\u0435\u0445 \u0444\u0438\u0433\u0443\u0440 \u043d\u0430 \u0434\u043e\u0441\u043a\u0435, \u0441\u043f\u043e\u0441\u043e\u0431\u0430\u0445 \u0430\u0442\u0430\u043a\u0438. \u0412\u0438\u0434\u0435\u043e \u043e\u0442\u043b\u0438\u0447\u0430\u044e\u0442\u0441\u044f \u043b\u0430\u043a\u043e\u043d\u0438\u0447\u043d\u043e\u0441\u0442\u044c\u044e \u0438 \u043e\u0442\u0441\u0443\u0442\u0441\u0442\u0432\u0438\u0435\u043c \u043b\u0438\u0448\u043d\u0438\u0445 \u0444\u0430\u043a\u0442\u043e\u0432.",
    "order": 1
  }
},
{
  "model": "courses.module",
  "pk": 3,
  "fields": {
    "course": 5,
    "title": "\u041a\u0430\u043a \u0445\u043e\u0434\u044f\u0442 \u0438 \u0441\u0431\u0438\u0432\u0430\u044e\u0442 \u043f\u0435\u0448\u043a\u0438",
    "description": "\u0412 \u0440\u0430\u043c\u043a\u0430\u0445 \u043a\u0443\u0440\u0441\u0430 \u00ab\u041e\u0431\u0443\u0447\u0435\u043d\u0438\u0435 \u0448\u0430\u0445\u043c\u0430\u0442\u0430\u043c\u00bb \u0440\u0435\u0431\u0451\u043d\u043e\u043a \u043e\u0431\u0443\u0447\u0430\u0435\u0442\u0441\u044f \u0438\u0433\u0440\u0435 \u0432\u043c\u0435\u0441\u0442\u0435 \u0441\u043e \u0441\u0432\u043e\u0438\u043c\u0438 \u0440\u043e\u0432\u0435\u0441\u043d\u0438\u043a\u0430\u043c\u0438.",
    "order": 2
  }
},
{
  "model": "courses.module",
  "pk": 5,
  "fields": {
    "course": 4,
    "title": "\u041c\u0435\u043b\u043a\u0438 + \u0433\u0443\u0430\u0448\u044c",
    "description": "\u0412\u0438\u0434\u0435\u043e\u0440\u043e\u043b\u0438\u043a \u041d\u0438\u043a\u043e\u043b\u0430\u044f \u0410\u0440\u0436\u0430\u0435\u0432\u0430 \u043e\u0431\u0443\u0447\u0430\u0435\u0442 \u0440\u0438\u0441\u043e\u0432\u0430\u043d\u0438\u044e \u0441 \u043f\u0440\u0438\u043c\u0435\u043d\u0435\u043d\u0438\u0435\u043c \u0441\u043c\u0435\u0448\u0430\u043d\u043d\u043e\u0439 \u0442\u0435\u0445\u043d\u0438\u043a\u0438,",
    "order": 0
  }
},
{
  "model": "courses.module",
  "pk": 6,
  "fields": {
    "course": 4,
    "title": "\u041a\u043e\u0448\u043a\u0430 \u0441 \u0441\u044e\u0440\u043f\u0440\u0438\u0437\u043e\u043c",
    "description": "\u0410\u0432\u0442\u043e\u0440 \u043a\u0430\u043d\u0430\u043b\u0430 \u00ab\u0414\u0430\u0432\u0430\u0439 \u043d\u0430\u0440\u0438\u0441\u0443\u0435\u043c\u00bb \u0434\u0430\u0435\u0442 \u0438\u043d\u0442\u0435\u0440\u0435\u0441\u043d\u044b\u0439 \u0443\u0440\u043e\u043a \u0441 \u0446\u0435\u043b\u044c\u044e \u043f\u043e\u043b\u0443\u0447\u0435\u043d\u0438\u044f \u043f\u0435\u0440\u0432\u0438\u0447\u043d\u044b\u0445 \u043d\u0430\u0432\u044b\u043a\u043e\u0432 \u0440\u0438\u0441\u043e\u0432\u0430\u043d\u0438\u044f, \u043e\u0441\u0432\u043e\u0435\u043d\u0438\u044f \u0442\u0435\u0445\u043d\u0438\u043a\u0438 \u0440\u0430\u0441\u043a\u0440\u0430\u0448\u0438\u0432\u0430\u043d\u0438\u044f.",
    "order": 1
  }
},
{
  "model": "courses.module",
  "pk": 7,
  "fields": {
    "course": 4,
    "title": "\u0412\u0435\u0441\u0435\u043b\u0430\u044f \u0440\u043e\u043c\u0430\u0448\u043a\u0430",
    "description": "\u041a\u0430\u043d\u0430\u043b \u0418\u0440\u0438\u043d\u044b \u041a\u043e\u043b\u043e\u0431\u043e\u0432\u043e\u0439 \u00ab\u0420\u0430\u0437\u0432\u0438\u0442\u0438\u0435 \u0440\u0435\u0431\u0435\u043d\u043a\u0430\u00bb \u0432 \u043f\u0440\u043e\u0441\u0442\u043e\u0439, \u0434\u043e\u0445\u043e\u0434\u0447\u0438\u0432\u043e\u0439 \u0444\u043e\u0440\u043c\u0435 \u043f\u043e\u043c\u043e\u0436\u0435\u0442 \u043e\u0441\u0432\u043e\u0438\u0442\u044c \u043c\u0430\u043b\u0435\u043d\u044c\u043a\u0438\u043c \u0434\u0435\u0442\u044f\u043c \u0442\u0435\u0445\u043d\u0438\u043a\u0443 \u0432\u043b\u0430\u0434\u0435\u043d\u0438\u044f \u0430\u043a\u0432\u0430\u0440\u0435\u043b\u044c\u043d\u044b\u043c\u0438 \u043a\u0430\u0440\u0430\u043d\u0434\u0430\u0448\u0430\u043c\u0438, \u043a\u0438\u0441\u0442\u044c\u044e.",
    "order": 2
  }
},
{
  "model": "courses.module",
  "pk": 8,
  "fields": {
    "course": 3,
    "title": "\u041b\u0435\u043f\u0438\u043c \u043c\u044b\u0448\u043a\u0443",
    "description": "\u0412\u0435\u0434\u0443\u0449\u0438\u0439 \u0432\u0438\u0434\u0435\u043e\u043a\u0430\u043d\u0430\u043b\u0430 Funny Toys \u043f\u043e\u043c\u043e\u0436\u0435\u0442 \u043e\u0431\u0437\u0430\u0432\u0435\u0441\u0442\u0438\u0441\u044c \u0431\u0435\u043b\u043e\u0439 \u043c\u044b\u0448\u043a\u043e\u0439 \u0441 \u0440\u043e\u0437\u043e\u0432\u044b\u043c\u0438 \u0443\u0448\u0430\u043c\u0438, \u0445\u0432\u043e\u0441\u0442\u043e\u043c \u0438 \u043d\u043e\u0441\u043e\u043c. \u041d\u0435\u043e\u0431\u0445\u043e\u0434\u0438\u043c\u044b: \u0431\u0435\u043b\u044b\u0439, \u0440\u043e\u0437\u043e\u0432\u044b\u0439, \u0447\u0435\u0440\u043d\u044b\u0439 \u043f\u043b\u0430\u0441\u0442\u0438\u043b\u0438\u043d, \u0434\u043e\u0441\u043a\u0430 \u0438 \u0441\u0442\u0435\u043a\u0430.",
    "order": 0
  }
},
{
  "model": "courses.module",
  "pk": 9,
  "fields": {
    "course": 3,
    "title": "\u041f\u0440\u043e\u0441\u0442\u044b\u0435 \u0444\u0438\u0433\u0443\u0440\u044b",
    "description": "\u041c\u0438\u0440 \u0442\u0432\u043e\u0440\u0447\u0435\u0441\u0442\u0432\u0430 \u043c\u043d\u043e\u0433\u043e\u043e\u0431\u0440\u0430\u0437\u0435\u043d,",
    "order": 1
  }
},
{
  "model": "courses.module",
  "pk": 10,
  "fields": {
    "course": 3,
    "title": "\u0417\u0430\u043d\u044f\u0442\u0438\u0435 \u0441 \u043f\u043b\u0430\u0441\u0442\u0438\u0447\u043d\u044b\u043c \u043c\u0430\u0442\u0435\u0440\u0438\u0430\u043b\u043e\u043c",
    "description": "\u0412\u0438\u0434\u0435\u043e\u043a\u0430\u043d\u0430\u043b Super Roditeli \u043e\u0431\u0443\u0447\u0430\u0435\u0442 \u043c\u0430\u043b\u044b\u0448\u0435\u0439 (\u043e\u0442 1 \u0433\u043e\u0434\u0430) \u0438 \u0438\u0445 \u0440\u043e\u0434\u0438\u0442\u0435\u043b\u0435\u0439 \u043e\u0441\u043d\u043e\u0432\u0430\u043c \u0432\u0437\u0430\u0438\u043c\u043e\u0434\u0435\u0439\u0441\u0442\u0432\u0438\u044f \u0441 \u043f\u043b\u0430\u0441\u0442\u0438\u0447\u043d\u044b\u043c\u0438 \u043c\u0430\u0442\u0435\u0440\u0438\u0430\u043b\u0430\u043c\u0438.",
    "order": 2
  }
},
{
  "model": "courses.content",
  "pk": 1,
  "fields": {
    "module": 1,
    "content_type": 8,
    "object_id": 1,
    "order": 0
  }
},
{
  "model": "courses.content",
  "pk": 2,
  "fields": {
    "module": 1,
    "content_type": 7,
    "object_id": 1,
    "order": 1
  }
},
{
  "model": "courses.content",
  "pk": 3,
  "fields": {
    "module": 1,
    "content_type": 6,
    "object_id": 1,
    "order": 2
  }
},
{
  "model": "courses.content",
  "pk": 4,
  "fields": {
    "module": 2,
    "content_type": 8,
    "object_id": 2,
    "order": 0
  }
},
{
  "model": "courses.content",
  "pk": 5,
  "fields": {
    "module": 2,
    "content_type": 7,
    "object_id": 2,
    "order": 1
  }
},
{
  "model": "courses.content",
  "pk": 6,
  "fields": {
    "module": 2,
    "content_type": 6,
    "object_id": 2,
    "order": 2
  }
},
{
  "model": "courses.content",
  "pk": 7,
  "fields": {
    "module": 3,
    "content_type": 8,
    "object_id": 3,
    "order": 0
  }
},
{
  "model": "courses.content",
  "pk": 8,
  "fields": {
    "module": 3,
    "content_type": 7,
    "object_id": 3,
    "order": 1
  }
},
{
  "model": "courses.content",
  "pk": 9,
  "fields": {
    "module": 3,
    "content_type": 6,
    "object_id": 3,
    "order": 2
  }
},
{
  "model": "courses.content",
  "pk": 10,
  "fields": {
    "module": 5,
    "content_type": 7,
    "object_id": 4,
    "order": 0
  }
},
{
  "model": "courses.content",
  "pk": 11,
  "fields": {
    "module": 5,
    "content_type": 8,
    "object_id": 4,
    "order": 1
  }
},
{
  "model": "courses.content",
  "pk": 12,
  "fields": {
    "module": 5,
    "content_type": 6,
    "object_id": 4,
    "order": 2
  }
},
{
  "model": "courses.content",
  "pk": 13,
  "fields": {
    "module": 6,
    "content_type": 7,
    "object_id": 5,
    "order": 0
  }
},
{
  "model": "courses.content",
  "pk": 14,
  "fields": {
    "module": 6,
    "content_type": 8,
    "object_id": 5,
    "order": 1
  }
},
{
  "model": "courses.content",
  "pk": 15,
  "fields": {
    "module": 6,
    "content_type": 6,
    "object_id": 5,
    "order": 2
  }
},
{
  "model": "courses.content",
  "pk": 16,
  "fields": {
    "module": 7,
    "content_type": 7,
    "object_id": 6,
    "order": 0
  }
},
{
  "model": "courses.content",
  "pk": 17,
  "fields": {
    "module": 7,
    "content_type": 8,
    "object_id": 6,
    "order": 1
  }
},
{
  "model": "courses.content",
  "pk": 18,
  "fields": {
    "module": 7,
    "content_type": 6,
    "object_id": 6,
    "order": 2
  }
},
{
  "model": "courses.content",
  "pk": 19,
  "fields": {
    "module": 7,
    "content_type": 5,
    "object_id": 1,
    "order": 3
  }
},
{
  "model": "courses.content",
  "pk": 20,
  "fields": {
    "module": 6,
    "content_type": 5,
    "object_id": 2,
    "order": 3
  }
},
{
  "model": "courses.content",
  "pk": 21,
  "fields": {
    "module": 5,
    "content_type": 5,
    "object_id": 3,
    "order": 3
  }
},
{
  "model": "courses.text",
  "pk": 1,
  "fields": {
    "owner": 2,
    "title": "figures",
    "created": "2022-07-22T07:06:02.392Z",
    "updated": "2022-07-22T07:06:02.392Z",
    "content": "\u0412 \u0440\u0430\u043c\u043a\u0430\u0445 \u0443\u0440\u043e\u043a\u043e\u0432 \u0440\u0435\u0431\u0451\u043d\u043e\u043a \u0443\u0437\u043d\u0430\u0435\u0442 \u043e \u0444\u0438\u0433\u0443\u0440\u0430\u0445 \u0438 \u0438\u0445 \u0445\u043e\u0434\u0430\u0445, \u043d\u0430\u0447\u043d\u0451\u0442 \u0440\u0430\u0437\u0431\u0438\u0440\u0430\u0442\u044c\u0441\u044f \u0432 \u0448\u0430\u0445\u043c\u0430\u0442\u043d\u043e\u0439 \u043d\u043e\u0442\u0430\u0446\u0438\u0438 \u0438 \u0431\u0443\u0434\u0435\u0442 \u043f\u043e\u043d\u0438\u043c\u0430\u0442\u044c \u0437\u043d\u0430\u0447\u0435\u043d\u0438\u0435 \u0431\u0443\u043a\u0432 \u0438 \u0446\u0438\u0444\u0440, \u043e\u0431\u043e\u0437\u043d\u0430\u0447\u0435\u043d\u043d\u044b\u0445 \u043d\u0430 \u0434\u043e\u0441\u043a\u0435. \u0411\u043b\u0430\u0433\u043e\u0434\u0430\u0440\u044f \u0437\u0430\u0431\u0430\u0432\u043d\u044b\u043c \u043f\u0440\u0438\u043c\u0435\u0440\u0430\u043c \u043c\u0430\u043b\u044b\u0448 \u043d\u0435 \u0437\u0430\u0431\u0443\u0434\u0435\u0442 \u043f\u043e\u043b\u0443\u0447\u0435\u043d\u043d\u0443\u044e \u0438\u043d\u0444\u043e\u0440\u043c\u0430\u0446\u0438\u044e. \u041f\u0440\u043e\u0441\u0442\u044b\u0435 \u0441\u0442\u0438\u0445\u043e\u0442\u0432\u043e\u0440\u0435\u043d\u0438\u044f \u043f\u043e\u043c\u043e\u0433\u0443\u0442 \u043b\u0435\u0433\u043a\u043e \u0437\u0430\u043f\u043e\u043c\u043d\u0438\u0442\u044c \u0432\u0441\u0435 \u0444\u0438\u0433\u0443\u0440\u044b \u0438 \u0438\u0445 \u043e\u0441\u043e\u0431\u0435\u043d\u043d\u043e\u0441\u0442\u0438. \u0412\u0441\u0435 \u0432\u043e\u0441\u0435\u043c\u044c \u0443\u0440\u043e\u043a\u043e\u0432 \u043e\u0442\u043b\u0438\u0447\u0430\u044e\u0442\u0441\u044f \u0447\u0451\u0442\u043a\u043e\u0441\u0442\u044c\u044e \u0438 \u043d\u0430\u0433\u043b\u044f\u0434\u043d\u043e\u0441\u0442\u044c\u044e."
  }
},
{
  "model": "courses.text",
  "pk": 2,
  "fields": {
    "owner": 2,
    "title": "figurestext",
    "created": "2022-07-22T07:08:59.078Z",
    "updated": "2022-07-22T07:08:59.078Z",
    "content": "\u0412\u0438\u0434\u0435\u043e \u043e\u0442\u043b\u0438\u0447\u0430\u044e\u0442\u0441\u044f \u043b\u0430\u043a\u043e\u043d\u0438\u0447\u043d\u043e\u0441\u0442\u044c\u044e \u0438 \u043e\u0442\u0441\u0443\u0442\u0441\u0442\u0432\u0438\u0435\u043c \u043b\u0438\u0448\u043d\u0438\u0445 \u0444\u0430\u043a\u0442\u043e\u0432. \u0411\u043b\u0430\u0433\u043e\u0434\u0430\u0440\u044f \u0431\u043e\u043b\u044c\u0448\u043e\u0439 \u0434\u043e\u0441\u043a\u0435 \u0440\u0435\u0431\u0451\u043d\u043e\u043a \u0440\u0430\u0441\u0441\u043c\u043e\u0442\u0440\u0438\u0442 \u0432\u0441\u0435 \u0444\u0438\u0433\u0443\u0440\u044b \u0438 \u043d\u0435 \u0443\u043f\u0443\u0441\u0442\u0438\u0442 \u0432\u0430\u0436\u043d\u044b\u0435 \u043d\u044e\u0430\u043d\u0441\u044b. \u041d\u0430 \u0437\u043d\u0430\u043a\u043e\u043c\u0441\u0442\u0432\u043e \u0441 \u043a\u0443\u0440\u0441\u043e\u043c \u043c\u0430\u043b\u044b\u0448 \u043f\u043e\u0442\u0440\u0430\u0442\u0438\u0442 \u043f\u044f\u0442\u044c \u043c\u0438\u043d\u0443\u0442 - \u044d\u0442\u043e\u0433\u043e \u0431\u0443\u0434\u0435\u0442 \u0434\u043e\u0441\u0442\u0430\u0442\u043e\u0447\u043d\u043e \u0434\u043b\u044f \u043f\u043e\u043b\u0443\u0447\u0435\u043d\u0438\u044f \u043d\u0435\u043e\u0431\u0445\u043e\u0434\u0438\u043c\u043e\u0433\u043e \u043c\u0438\u043d\u0438\u043c\u0443\u043c\u0430 \u0437\u043d\u0430\u043d\u0438\u0439 \u043e\u0431 \u0438\u0433\u0440\u0435, \u0447\u0442\u043e \u043f\u043e\u043c\u043e\u0436\u0435\u0442 \u0440\u0435\u0448\u0430\u0442\u044c \u0448\u0430\u0445\u043c\u0430\u0442\u043d\u044b\u0435 \u0437\u0430\u0434\u0430\u0447\u0438."
  }
},
{
  "model": "courses.text",
  "pk": 3,
  "fields": {
    "owner": 2,
    "title": "pawnstext",
    "created": "2022-07-22T07:10:55.085Z",
    "updated": "2022-07-22T07:10:55.085Z",
    "content": "\u0412 \u0440\u0430\u043c\u043a\u0430\u0445 \u043a\u0443\u0440\u0441\u0430 \u00ab\u041e\u0431\u0443\u0447\u0435\u043d\u0438\u0435 \u0448\u0430\u0445\u043c\u0430\u0442\u0430\u043c\u00bb \u0440\u0435\u0431\u0451\u043d\u043e\u043a \u043e\u0431\u0443\u0447\u0430\u0435\u0442\u0441\u044f \u0438\u0433\u0440\u0435 \u0432\u043c\u0435\u0441\u0442\u0435 \u0441\u043e \u0441\u0432\u043e\u0438\u043c\u0438 \u0440\u043e\u0432\u0435\u0441\u043d\u0438\u043a\u0430\u043c\u0438. \u0410\u0432\u0442\u043e\u0440 \u0432\u0438\u0434\u0435\u043e \u043e\u0431\u044a\u044f\u0441\u043d\u044f\u0435\u0442 \u0441\u0432\u043e\u0438\u043c \u0434\u0435\u0442\u044f\u043c \u043f\u0440\u0430\u0432\u0438\u043b\u0430 \u0438\u0433\u0440\u044b \u043f\u0440\u044f\u043c\u043e \u0437\u0430 \u0448\u0430\u0445\u043c\u0430\u0442\u043d\u043e\u0439 \u0434\u043e\u0441\u043a\u043e\u0439. \u041c\u0430\u043b\u044b\u0448\u0438 \u043f\u043e\u043b\u0443\u0447\u0430\u044e\u0442 \u0431\u0430\u0437\u043e\u0432\u0443\u044e \u0438\u043d\u0444\u043e\u0440\u043c\u0430\u0446\u0438\u044e \u043e \u0448\u0430\u0445\u043c\u0430\u0442\u043d\u044b\u0445 \u0444\u0438\u0433\u0443\u0440\u0430\u0445, \u0438\u0445 \u043a\u043e\u043b\u0438\u0447\u0435\u0441\u0442\u0432\u0435 \u0438 \u0445\u043e\u0434\u0430\u0445. \u0418\u043d\u0444\u043e\u0440\u043c\u0430\u0446\u0438\u044f \u043f\u043e\u0434\u0430\u0451\u0442\u0441\u044f \u0432 \u0443\u0434\u043e\u0431\u043d\u043e\u043c \u0444\u043e\u0440\u043c\u0430\u0442\u0435 \u00ab\u0432\u043e\u043f\u0440\u043e\u0441-\u043e\u0442\u0432\u0435\u0442\u00bb."
  }
},
{
  "model": "courses.text",
  "pk": 4,
  "fields": {
    "owner": 2,
    "title": "\u041a\u043e\u043d\u0442\u0443\u0440\u044b",
    "created": "2022-07-22T07:15:30.764Z",
    "updated": "2022-07-22T07:29:54.179Z",
    "content": "\u041f\u0440\u0435\u0434\u0432\u0430\u0440\u0438\u0442\u0435\u043b\u044c\u043d\u043e \u0447\u0435\u0440\u043d\u044b\u043c \u043f\u0440\u043e\u0441\u0442\u044b\u043c \u043a\u0430\u0440\u0430\u043d\u0434\u0430\u0448\u043e\u043c \u0434\u043b\u044f \u043f\u0440\u0430\u0432\u0438\u043b\u044c\u043d\u043e\u0433\u043e \u0440\u0430\u0437\u043c\u0435\u0449\u0435\u043d\u0438\u044f \u043d\u0430\u043d\u043e\u0441\u044f\u0442\u0441\u044f \u043a\u043e\u043d\u0442\u0443\u0440\u044b \u0442\u0443\u043b\u043e\u0432\u0438\u0449\u0430, \u0433\u043e\u043b\u043e\u0432\u044b, \u043d\u043e\u0433 \u0446\u044b\u043f\u043b\u044f\u0442. \u041f\u043e\u043a\u0430\u0437\u0430\u043d\u043e, \u043a\u0430\u043a \u043f\u0440\u0430\u0432\u0438\u043b\u044c\u043d\u043e \u043e\u0431\u044a\u0435\u0434\u0438\u043d\u0438\u0442\u044c \u043d\u0435\u0431\u043e\u043b\u044c\u0448\u0438\u0435 \u043b\u0438\u043d\u0438\u0438 \u0434\u043b\u044f \u043f\u043e\u043b\u0443\u0447\u0435\u043d\u0438\u044f \u0446\u0435\u043b\u043e\u0439 \u043a\u043e\u043c\u043f\u043e\u0437\u0438\u0446\u0438\u0438, \u0430\u043a\u043a\u0443\u0440\u0430\u0442\u043d\u043e \u0440\u0430\u0431\u043e\u0442\u0430\u0442\u044c \u0441 \u043a\u0438\u0441\u0442\u043e\u0447\u043a\u043e\u0439. \u0421\u044e\u0436\u0435\u0442\u043e\u043c \u0432\u044b\u0431\u0440\u0430\u043d \u0440\u0430\u0437\u0433\u043e\u0432\u043e\u0440 \u043e\u0431\u0440\u0430\u0449\u0435\u043d\u043d\u044b\u0445 \u0434\u0440\u0443\u0433 \u043a \u0434\u0440\u0443\u0433\u0443, \u043d\u0430\u0440\u0438\u0441\u043e\u0432\u0430\u043d\u043d\u044b\u0445 \u0432 \u0440\u0430\u0437\u043b\u0438\u0447\u043d\u044b\u0445 \u043f\u043e\u0437\u0430\u0445 \u0446\u044b\u043f\u043b\u044f\u0442. \u041d\u0435\u0431\u043e, \u0442\u0440\u0430\u0432\u0430 \u0438 \u0437\u0435\u043c\u043b\u044f \u0437\u0430\u043a\u0440\u0430\u0448\u0438\u0432\u0430\u044e\u0442\u0441\u044f \u0440\u0430\u0437\u043d\u043e\u0446\u0432\u0435\u0442\u043d\u044b\u043c\u0438 \u043c\u0435\u043b\u043a\u0430\u043c\u0438. \u0414\u043b\u044f \u044d\u043a\u043e\u043d\u043e\u043c\u0438\u0438 \u0432\u0440\u0435\u043c\u0435\u043d\u0438 \u0438 \u0437\u0430\u0445\u0432\u0430\u0442\u0430 \u0431\u043e\u043b\u044c\u0448\u0435\u0439 \u043f\u043b\u043e\u0449\u0430\u0434\u0438 \u041d\u0438\u043a\u043e\u043b\u0430\u0439 \u043f\u043e\u043b\u044c\u0437\u0443\u0435\u0442\u0441\u044f \u043d\u0435 \u0437\u0430\u043e\u0441\u0442\u0440\u0435\u043d\u043d\u043e\u0439, \u0431\u043e\u043a\u043e\u0432\u043e\u0439 \u0441\u0442\u043e\u0440\u043e\u043d\u043e\u0439. \u041f\u0440\u0430\u0432\u0438\u043b\u044c\u043d\u0430\u044f \u0440\u0430\u0441\u0442\u0443\u0448\u0435\u0432\u043a\u0430 \u0432 \u0432\u0435\u0440\u0442\u0438\u043a\u0430\u043b\u044c\u043d\u043e\u043c, \u0433\u043e\u0440\u0438\u0437\u043e\u043d\u0442\u0430\u043b\u044c\u043d\u043e\u043c \u043f\u043e\u043b\u043e\u0436\u0435\u043d\u0438\u0438 \u043f\u0440\u043e\u0438\u0437\u0432\u043e\u0434\u0438\u0442\u0441\u044f \u043f\u0440\u0438 \u043f\u043e\u043c\u043e\u0449\u0438 \u043e\u0431\u044b\u0447\u043d\u043e\u0439 \u0442\u0440\u044f\u043f\u043a\u0438. \u0414\u043b\u044f \u043f\u043e\u043b\u0443\u0447\u0435\u043d\u0438\u044f \u0440\u0430\u0437\u043b\u0438\u0447\u043d\u044b\u0445 \u043e\u0442\u0442\u0435\u043d\u043a\u043e\u0432, \u043d\u0443\u0436\u043d\u043e\u0439 \u044f\u0440\u043a\u043e\u0441\u0442\u0438 \u0440\u0435\u043a\u043e\u043c\u0435\u043d\u0434\u0443\u0435\u0442\u0441\u044f \u0441\u043c\u0435\u0448\u0438\u0432\u0430\u0442\u044c \u0433\u0443\u0430\u0448\u044c \u0440\u0430\u0437\u043d\u044b\u0445 \u0446\u0432\u0435\u0442\u043e\u0432 (\u0431\u0435\u043b\u0443\u044e, \u0436\u0435\u043b\u0442\u0443\u044e \u0441 \u043e\u0445\u0440\u043e\u0439)."
  }
},
{
  "model": "courses.text",
  "pk": 5,
  "fields": {
    "owner": 2,
    "title": "\u0424\u043b\u043e\u043c\u0430\u0441\u0442\u0435\u0440 \u041a\u0430\u0440\u0430\u043d\u0434\u0430\u0448",
    "created": "2022-07-22T07:17:00.203Z",
    "updated": "2022-07-22T07:28:19.028Z",
    "content": "\u041f\u0440\u0438 \u043f\u043e\u043c\u043e\u0449\u0438 \u0447\u0435\u0440\u043d\u043e\u0433\u043e \u0444\u043b\u043e\u043c\u0430\u0441\u0442\u0435\u0440\u0430 \u0438 \u0440\u0430\u0437\u043d\u043e\u0446\u0432\u0435\u0442\u043d\u044b\u0445 \u043a\u0430\u0440\u0430\u043d\u0434\u0430\u0448\u0435\u0439 \u043f\u043e\u043a\u0430\u0437\u044b\u0432\u0430\u0435\u0442, \u043a\u0430\u043a \u0431\u044b\u0441\u0442\u0440\u043e \u0438 \u043f\u0440\u043e\u0441\u0442\u043e \u043d\u0430\u0440\u0438\u0441\u043e\u0432\u0430\u0442\u044c \u043b\u044e\u0431\u0438\u043c\u043e\u0433\u043e \u0432\u0441\u0435\u043c\u0438 \u0434\u0435\u0442\u044c\u043c\u0438 \u0434\u043e\u043c\u0430\u0448\u043d\u0435\u0433\u043e \u043f\u0438\u0442\u043e\u043c\u0446\u0430 \u2013 \u043a\u043e\u0448\u043a\u0443. \u0412\u0438\u0434\u0435\u043e \u043f\u0440\u0435\u0434\u043d\u0430\u0437\u043d\u0430\u0447\u0435\u043d\u043e \u0434\u043b\u044f \u043c\u0430\u043b\u044b\u0448\u0435\u0439 \u0438 \u0440\u043e\u0434\u0438\u0442\u0435\u043b\u0435\u0439. \u0421 \u043c\u0443\u0437\u044b\u043a\u0430\u043b\u044c\u043d\u044b\u043c \u0441\u043e\u043f\u0440\u043e\u0432\u043e\u0436\u0434\u0435\u043d\u0438\u0435\u043c, \u043f\u043e\u043b\u043d\u043e\u0439 \u0434\u0435\u043c\u043e\u043d\u0441\u0442\u0440\u0430\u0446\u0438\u0435\u0439 \u043f\u0440\u043e\u0446\u0435\u0441\u0441\u0430 \u0438 \u0430\u0432\u0442\u043e\u0440\u0441\u043a\u0438\u043c\u0438 \u043a\u043e\u043c\u043c\u0435\u043d\u0442\u0430\u0440\u0438\u044f\u043c\u0438, \u0432 \u043b\u0435\u0433\u043a\u043e\u0439 \u0438\u0433\u0440\u043e\u0432\u043e\u0439 \u0444\u043e\u0440\u043c\u0435 \u043e\u0431\u0443\u0447\u0430\u0435\u0442 \u0440\u0438\u0441\u043e\u0432\u0430\u043d\u0438\u044e \u043d\u0435\u0441\u043b\u043e\u0436\u043d\u044b\u0445 \u0444\u0438\u0433\u0443\u0440 \u0436\u0438\u0432\u043e\u0442\u043d\u044b\u0445. \u0420\u043e\u043b\u0438\u043a \u0434\u043e\u043f\u043e\u043b\u043d\u0435\u043d \u044d\u043b\u0435\u043c\u0435\u043d\u0442\u0430\u043c\u0438 \u043c\u0443\u043b\u044c\u0442\u0438\u043f\u043b\u0438\u043a\u0430\u0446\u0438\u0438 \u2013 \u043f\u043e\u0441\u043b\u0435 \u0440\u0430\u0441\u043a\u0440\u0430\u0448\u0438\u0432\u0430\u043d\u0438\u044f \u043a\u043e\u0442\u0435\u043d\u043e\u043a \u0438 \u0431\u0430\u0431\u043e\u0447\u043a\u0430 \u0434\u0432\u0438\u0436\u0443\u0442\u0441\u044f, \u043a\u0430\u0440\u0442\u0438\u043d\u043a\u0430 \u00ab\u043e\u0436\u0438\u0432\u0430\u0435\u0442\u00bb."
  }
},
{
  "model": "courses.text",
  "pk": 6,
  "fields": {
    "owner": 2,
    "title": "\u0423\u043b\u044b\u0431\u0430\u044e\u0449\u0430\u044f\u0441\u044f \u0440\u043e\u043c\u0430\u0448\u043a\u0430",
    "created": "2022-07-22T07:18:37.252Z",
    "updated": "2022-07-22T07:25:44.696Z",
    "content": "\u0410\u0432\u0442\u043e\u0440 \u0440\u0438\u0441\u0443\u0435\u0442 \u0443\u043b\u044b\u0431\u0430\u044e\u0449\u0443\u044e\u0441\u044f \u0440\u043e\u043c\u0430\u0448\u043a\u0443 \u043d\u0430 \u043f\u043b\u043e\u0442\u043d\u043e\u043c \u043b\u0438\u0441\u0442\u0435 \u0431\u0443\u043c\u0430\u0433\u0438, \u043f\u0440\u0438\u043a\u043b\u0435\u0435\u043d\u043d\u043e\u043c \u043a \u0440\u043e\u0432\u043d\u043e\u0439 \u043f\u043e\u0432\u0435\u0440\u0445\u043d\u043e\u0441\u0442\u0438. \u041e\u0431\u0440\u0430\u043c\u043b\u044f\u044e\u0449\u0438\u0435 \u043a\u0440\u0443\u0433 \u043f\u043e\u043b\u0443\u043e\u0432\u0430\u043b\u044b \u0434\u0435\u043b\u0430\u0435\u0442 \u043d\u0435 \u0440\u043e\u0432\u043d\u043e, \u0447\u0442\u043e\u0431\u044b \u043a\u0430\u0440\u0442\u0438\u043d\u043a\u0430 \u043f\u043e\u043b\u0443\u0447\u0438\u043b\u0430\u0441\u044c \u0440\u0435\u0430\u043b\u0438\u0441\u0442\u0438\u0447\u043d\u043e\u0439. \u041a\u0440\u0443\u043f\u043d\u044b\u043c\u0438 \u0448\u0442\u0440\u0438\u0445\u0430\u043c\u0438 \u0440\u0435\u043a\u043e\u043c\u0435\u043d\u0434\u0443\u0435\u0442 \u0437\u0430\u043a\u0440\u0430\u0448\u0438\u0432\u0430\u0442\u044c \u043a\u0440\u0430\u044f, \u043d\u0435 \u0432\u044b\u0445\u043e\u0434\u0438\u0442\u044c \u0437\u0430 \u043a\u043e\u043d\u0442\u0443\u0440. \u041e\u0441\u043e\u0431\u0435\u043d\u043d\u043e\u0441\u0442\u044c\u044e \u044f\u0432\u043b\u044f\u0435\u0442\u0441\u044f \u0434\u043e\u043f\u043e\u043b\u043d\u0438\u0442\u0435\u043b\u044c\u043d\u043e\u0435 \u0440\u0430\u0437\u043c\u044b\u0432\u0430\u043d\u0438\u0435 \u043a\u0430\u0440\u0430\u043d\u0434\u0430\u0448\u043d\u044b\u0445 \u043b\u0438\u043d\u0438\u0439 \u043a\u0438\u0441\u0442\u043e\u0447\u043a\u043e\u0439, \u0441\u043c\u043e\u0447\u0435\u043d\u043d\u043e\u0439 \u0432 \u0447\u0438\u0441\u0442\u043e\u0439 \u0432\u043e\u0434\u0435, \u0434\u043b\u044f \u043f\u0440\u0438\u0434\u0430\u043d\u0438\u044f \u043e\u0431\u044a\u0435\u043c\u0430 \u043b\u0435\u043f\u0435\u0441\u0442\u043a\u0430\u043c \u0446\u0432\u0435\u0442\u043a\u0430. \u0418\u0440\u0438\u043d\u0430 \u0441\u043f\u0435\u0446\u0438\u0430\u043b\u0438\u0437\u0438\u0440\u0443\u0435\u0442\u0441\u044f \u043d\u0430 \u0440\u0430\u0437\u0440\u0430\u0431\u043e\u0442\u043a\u0435 \u0431\u0435\u0441\u043f\u043b\u0430\u0442\u043d\u044b\u0445 \u043a\u0443\u0440\u0441\u043e\u0432 \u043f\u043e \u0440\u0438\u0441\u043e\u0432\u0430\u043d\u0438\u044e \u0441 \u0434\u043e\u043f\u043e\u043b\u043d\u0438\u0442\u0435\u043b\u044c\u043d\u044b\u043c\u0438 \u0431\u043e\u043d\u0443\u0441\u0430\u043c\u0438 \u2013 \u0440\u0430\u0431\u043e\u0447\u0438\u043c\u0438 \u0442\u0435\u0442\u0440\u0430\u0434\u044f\u043c\u0438 \u0441 \u0437\u0430\u0434\u0430\u043d\u0438\u044f\u043c\u0438 \u0434\u043b\u044f \u0440\u0430\u0437\u0432\u0438\u0442\u0438\u044f \u0430\u0441\u0441\u043e\u0446\u0438\u0430\u0442\u0438\u0432\u043d\u043e\u0433\u043e \u043c\u044b\u0448\u043b\u0435\u043d\u0438\u044f \u0438 \u0432\u043e\u043e\u0431\u0440\u0430\u0436\u0435\u043d\u0438\u044f."
  }
},
{
  "model": "courses.file",
  "pk": 1,
  "fields": {
    "owner": 2,
    "title": "\u041f\u0440\u0438\u043c\u0435\u0440 \u0444\u0430\u0439\u043b\u0430 \u0441 \u0440\u043e\u043c\u0430\u0448\u043a\u043e\u0439",
    "created": "2022-07-22T07:26:08.588Z",
    "updated": "2022-07-22T07:26:08.588Z",
    "file": "files/images.zip"
  }
},
{
  "model": "courses.file",
  "pk": 2,
  "fields": {
    "owner": 2,
    "title": "\u041f\u0440\u0438\u043c\u0435\u0440 \u0434\u043b\u044f \u0437\u0430\u0433\u0440\u0443\u0437\u043a\u0438",
    "created": "2022-07-22T07:29:24.255Z",
    "updated": "2022-07-22T07:29:24.255Z",
    "file": "files/cat.zip"
  }
},
{
  "model": "courses.file",
  "pk": 3,
  "fields": {
    "owner": 2,
    "title": "\u041f\u0440\u0438\u043c\u0435\u0440 \u0444\u0430\u0439\u043b\u0430 \u0434\u043b\u044f \u0437\u0430\u0433\u0440\u0443\u0437\u043a\u0438",
    "created": "2022-07-22T07:32:22.952Z",
    "updated": "2022-07-22T07:32:22.952Z",
    "file": "files/melk.zip"
  }
},
{
  "model": "courses.image",
  "pk": 1,
  "fields": {
    "owner": 2,
    "title": "board",
    "created": "2022-07-22T07:07:42.616Z",
    "updated": "2022-07-22T07:07:42.616Z",
    "file": "images/2022-07-22_100631.png"
  }
},
{
  "model": "courses.image",
  "pk": 2,
  "fields": {
    "owner": 2,
    "title": "figureimg",
    "created": "2022-07-22T07:09:41.641Z",
    "updated": "2022-07-22T07:09:41.641Z",
    "file": "images/2022-07-22_100920.png"
  }
},
{
  "model": "courses.image",
  "pk": 3,
  "fields": {
    "owner": 2,
    "title": "pawnsimg",
    "created": "2022-07-22T07:11:42.212Z",
    "updated": "2022-07-22T07:11:42.212Z",
    "file": "images/2022-07-22_101116.png"
  }
},
{
  "model": "courses.image",
  "pk": 4,
  "fields": {
    "owner": 2,
    "title": "\u041c\u0435\u043b\u043a\u0438 \u0433\u0443\u0430\u0448",
    "created": "2022-07-22T07:16:28.747Z",
    "updated": "2022-07-22T07:31:53.579Z",
    "file": "images/images_vZPiwrD.jpg"
  }
},
{
  "model": "courses.image",
  "pk": 5,
  "fields": {
    "owner": 2,
    "title": "\u041a\u0430\u0440\u0442\u0438\u043d\u043a\u0430",
    "created": "2022-07-22T07:17:50.697Z",
    "updated": "2022-07-22T07:29:00.482Z",
    "file": "images/\u0437\u0430\u0433\u0440\u0443\u0436\u0435\u043d\u043d\u043e\u0435.jpg"
  }
},
{
  "model": "courses.image",
  "pk": 6,
  "fields": {
    "owner": 2,
    "title": "\u0420\u043e\u043c\u0430\u0448\u043a\u0430 \u0440\u0438\u0441\u043e\u0432\u0430\u043d\u043d\u0430\u044f",
    "created": "2022-07-22T07:19:42.068Z",
    "updated": "2022-07-22T07:24:48.814Z",
    "file": "images/images.jpg"
  }
},
{
  "model": "courses.video",
  "pk": 1,
  "fields": {
    "owner": 2,
    "title": "chess for schoolchildren",
    "created": "2022-07-22T07:05:23.251Z",
    "updated": "2022-07-22T07:05:23.251Z",
    "url": "https://www.youtube.com/watch?v=2yVGuIekn10&feature=emb_imp_woyt"
  }
},
{
  "model": "courses.video",
  "pk": 2,
  "fields": {
    "owner": 2,
    "title": "figuress",
    "created": "2022-07-22T07:08:20.322Z",
    "updated": "2022-07-22T07:08:20.322Z",
    "url": "https://www.youtube.com/watch?v=h9PGGOI1ATU&feature=emb_imp_woyt"
  }
},
{
  "model": "courses.video",
  "pk": 3,
  "fields": {
    "owner": 2,
    "title": "pawnsvideo",
    "created": "2022-07-22T07:10:29.061Z",
    "updated": "2022-07-22T07:10:29.061Z",
    "url": "https://www.youtube.com/watch?v=uU1LTv59U4Q&feature=emb_imp_woyt"
  }
},
{
  "model": "courses.video",
  "pk": 4,
  "fields": {
    "owner": 2,
    "title": "\u0432\u0438\u0434\u0435\u043e\u0443\u0440\u043e\u043a",
    "created": "2022-07-22T07:15:54.331Z",
    "updated": "2022-07-22T07:30:05.268Z",
    "url": "https://www.youtube.com/watch?v=HBPqvoA7gyM&feature=emb_imp_woyt"
  }
},
{
  "model": "courses.video",
  "pk": 5,
  "fields": {
    "owner": 2,
    "title": "\u0421\u043c\u043e\u0442\u0440\u0438\u043c \u0443\u0440\u043e\u043a",
    "created": "2022-07-22T07:17:17.595Z",
    "updated": "2022-07-22T07:28:38.069Z",
    "url": "https://www.youtube.com/watch?v=s-Qv2rW8WS4&feature=emb_imp_woyt"
  }
},
{
  "model": "courses.video",
  "pk": 6,
  "fields": {
    "owner": 2,
    "title": "\u0421\u043c\u043e\u0442\u0440\u0438\u043c \u0440\u0438\u0441\u043e\u0432\u0430\u043d\u0438\u0435 \u0440\u043e\u043c\u0430\u0448\u043a\u0438",
    "created": "2022-07-22T07:19:05.171Z",
    "updated": "2022-07-22T07:25:21.496Z",
    "url": "https://www.youtube.com/watch?v=Is-pi30iJL8&feature=emb_imp_woyt"
  }
}
]
